Model,ROC_AUC
Random Forest,0.9999436910658618
LightGBM,0.9998125497161404
XGBoost,0.9996739702924856
CatBoost,0.9995493199984823
Logistic Regression,0.9915515445568532
